941,949
941,949
941,949
941,949
941,949
941,949
941,949
941,949
941,949
941,949
941,949
941,949
941,949
941,949
941,949.1
941,949
941,949
941,949
941,949.1
941,948.9
941,949
941,949
941,949
941,949
941,949
941,949
941,949
941,949
941,949
941,949
941,949
941,949
941,949
941,949
941,949
941,949
941,949
941,949
941,949
941,949
941,949
941,949
941,949
941,949
941,949
941,949
941,949
941,949
941,949.1
941,949
918,929.5
918,929.1
918,929.8
918,929.3
918,929.3
918,930
918,929.6
918,929.7
918,929.2
918,928.6
918,929.2
918,929.4
918,929.5
918,929.3
918,929.4
918,929.8
918,928.9
918,929.8
918,929.8
918,929.7
918,929.5
918,929.8
918,929.5
918,929.6
918,929.1
918,929.4
918,929.7
918,929.5
918,929.2
918,929.8
918,929.8
918,929.7
918,930
918,929.8
918,929.4
918,929.2
918,929.7
918,929.5
918,929.1
918,929.4
918,929.6
918,929.8
918,929.8
918,929.3
918,929.1
918,930
918,929.6
918,929
918,929.1
918,929.6
915,939.6
915,939.9
915,939.2
915,938.9
915,940.5
915,940.4
915,938.9
915,939.9
915,940
915,939.8
915,941
915,940.2
915,940.6
915,940.5
915,940.3
915,939.6
915,939.9
915,940.2
915,940.2
915,939.6
915,941.1
915,939.6
915,939.8
915,940.4
915,939.5
915,939.2
915,940.3
915,938.8
915,939.8
915,939.9
915,940.5
915,939.5
915,939.6
915,940.2
915,939.4
915,939.8
915,939.9
915,940.2
915,940.7
915,939.6
915,941
915,939.3
915,939.9
915,940.5
915,939.6
915,939.6
915,939.3
915,939.9
915,939.5
915,941
908.4,1006.5
908.7,1005.9
908.6,1005
908.9,1006.9
908.7,1007
908.7,1005
908.8,1006.5
909,1005
908.8,1006.5
908.8,1005
908.2,1008.6
908.9,1008.6
909,1006.5
909,1006
909,1008
909,1007
909,1008.1
908.3,1006
909,1005.5
909,1006.5
908.8,1006.4
909,1007.6
909,1006.5
909,1007.1
909,1006.4
909,1005
909,1005.5
909,1005.1
909,1006.8
909,1008.2
908.9,1007.5
909,1005.5
908.8,1005.5
909,1007.1
908.9,1008.1
909,1006
908.9,1005.5
908.6,1006
909,1005.5
908.8,1005.4
909,1007
908.9,1005.5
908.9,1005.5
908.7,1005
908.7,1006.4
908.9,1006
908.6,1005.3
908.9,1005.9
909,1006
908.5,1005
868,1122.6
868,1123
868,1123
868,1122.6
868,1122
868,1122.1
868,1122.3
868,1122
868,1122.9
868,1122
868,1122.4
868,1122.6
868,1123.4
868,1122.2
868,1122.5
868,1121.9
868,1122
868,1123
868,1122.6
868,1123.6
868,1122.2
868,1122
868,1122.7
868,1123
868,1123
868,1121.8
868,1122
868,1122
868,1122
868,1122.3
868,1122.7
868,1122
868,1122.6
868,1123.4
868,1120.7
868,1122
868,1122.5
868,1122.9
868,1122.4
868,1122.2
868,1122.8
868,1122
868,1122
868,1122.3
868,1122.1
868,1122.1
868,1122.1
868,1123
868,1122.5
868,1122.7
