941,949.5
941,949.3
941,949.3
941,949.3
941,949.2
941,949.4
941,949.5
941,949.2
941,949.3
941,949.1
941,949.2
941,949.3
941,949.3
941,949.4
941,949.2
941,949.4
941,949.1
941,949.1
941,949.3
941,949.4
941,949.2
941,949.2
941,949.1
941,949.2
941,949.3
941,949.1
941,949.3
941,949.2
941,949.1
941,949.2
941,949.2
941,949.3
941,949.2
941,949.3
941,949.4
941,949.3
941,949.2
941,949.4
941,949.2
941,949.4
941,949.5
941,949.3
941,949.4
941,949.5
941,949.2
941,949.4
941,949.4
941,949.3
941,949.3
941,949.4
917.4,931.7
917.2,931.6
916.8,931.6
917.4,931.2
917.2,932
917.2,932.3
917,931.5
916.8,951.4
916.8,931.3
916.6,931.9
917,932.3
917.2,931.6
917.4,932.3
917.6,932.6
917.2,932
916.6,931.2
917,931.7
917.4,932.6
916.8,931.7
916.8,931.7
917.6,932.2
917.2,931.4
917,932
917.2,931.8
916.8,931.8
917.2,931.8
916.8,931.8
917,932.4
916.8,931.9
917.2,932.2
916.8,931.8
917,931.7
916.8,932.1
917,931.3
917.2,932
917.4,932.4
917,931.4
917.2,932.2
916.8,932.3
917.2,931.3
917.4,931.4
916.6,932.1
917,931.6
917,931.7
917,932.2
917.2,931.2
917,931.7
916.8,931.3
916.6,931.5
917.2,931.6
915,937.4
915,938.8
915,937.9
915,938.5
915,939.1
915,938.1
915,938
915,939.5
915,938.8
915,938.6
915,939.2
915,939.7
915,939.1
915,938.3
915,939.1
915,938
915,938
915,938.4
915,938.5
915,938.7
915,938.4
915,938.4
915,939.1
915,938.5
915,938.1
915,938.6
915,939.1
915,937.8
915,938
915,938.2
915,938.6
915,938.4
915,938.8
915,939
915,938.2
915,938.1
915,938.8
915,937.5
915,939.1
915,937.8
915,939.1
915,937.8
915,939
915,938.4
915,938
915,938.6
915,938
915,939.1
915,938.3
915,939.2
909,1010
909,1010
909,1009.9
909,1010.1
909,1009.9
909,1009.7
909,1010
909,1010
909,1010
909,1010
909,1010
909,1010
909,1010
909,1009.9
909,1009.9
909,1010.1
909,1010
909,1009.8
909,1009.9
909,1010
909,1009.9
909,1010
909,1010.1
909,1010
909,1009.9
909,1009.8
909,1010
909,1010.2
909,1010
909,1009.9
909,1010
909,1010
909,1010
909,1010
909,1009.8
909,1010
909,1010
909,1009.9
909,1009.8
909,1009.9
909,1009.9
909,1009.8
909,1009.8
909,1010
909,1010
909,1009.9
909,1010
909,1009.8
909,1010
909,1009.9
868,1123.8
868,1124.4
868,1124.1
868,1123.5
868,1123.8
868,1123.8
868,1123.8
868,1123.8
868,1124.1
868,1123.5
868,1124.4
868,1124.7
868,1124.7
868,1124.7
868,1124.4
868,1124.4
868,1123.5
868,1124.1
868,1123.8
868,1124.7
868,1124.1
868,1124.4
868,1125
868,1124.4
868,1124.1
868,1124.1
868,1123.8
868,1124.1
868,1124.1
868,1124.4
868,1124.7
868,1124.4
868,1124.7
868,1124.1
868,1124.4
868,1124.7
868,1124.7
868,1124.1
868,1124.7
868,1124.4
868,1124.7
868,1124.7
868,1125
868,1123.8
868,1124.1
868,1124.7
868,1124.4
868,1124.4
868,1124.7
868,1124.4
